Layered Active Jacket,79.99,Wed Nov 30 21:06:12 2022, 1 Quantity
Knit Cuffed Beanie,9.99,Wed Nov 30 21:06:13 2022,1 Quantity
Layered Active Jacket,79.99,Wed Nov 30 21:24:57 2022, 1 Quantity
Layered Active Jacket,79.99,Wed Nov 30 21:24:58 2022, 1 Quantity
Layered Active Jacket,79.99,Thu Dec  1 14:57:55 2022, 1 Quantity
Knit Cuffed Beanie,9.99,Thu Dec  1 14:57:57 2022,1 Quantity
Layered Active Jacket,79.99,Thu Dec  1 14:57:55 2022, 1 Quantity
Knit Cuffed Beanie,9.99,Thu Dec  1 14:57:57 2022,1 Quantity
Relaxed Fit Flannel,19.99,Thu Dec  1 14:58:07 2022,1 Quantity
Knit Cuffed Beanie,9.99,Thu Dec  1 14:58:08 2022,1 Quantity
Layered Active Jacket,79.99,Thu Dec  1 15:02:33 2022, 1 Quantity
Layered Active Jacket,79.99,Thu Dec  1 15:02:33 2022, 1 Quantity
Knit Cuffed Beanie,9.99,Thu Dec  1 15:02:48 2022,1 Quantity
Relaxed Fit Flannel,19.99,Mon Mar 20 13:55:49 2023,1 Quantity
Knit Cuffed Beanie,9.99,Mon Mar 20 13:55:51 2023,1 Quantity
Layered Active Jacket,79.99,Mon Mar 20 13:55:51 2023, 1 Quantity
Relaxed Fit Flannel,19.99,Mon Mar 20 13:55:49 2023,1 Quantity
Knit Cuffed Beanie,9.99,Mon Mar 20 13:55:51 2023,1 Quantity
Layered Active Jacket,79.99,Mon Mar 20 13:55:51 2023, 1 Quantity
Knit Cuffed Beanie,9.99,Mon Mar 20 13:55:55 2023,1 Quantity
